Symbol,Description
1A0.SI,Katrina Group Ltd.
1A1.SI,Wong Fong Industries Limited
1A4.SI,Agv Group Limited
1B0.SI,Mm2 Asia Ltd.
1B1.SI,Hc Surgical Specialistslimited
1B5W.SI,Charisma Energyservicesw211128
1B6.SI,Ocean Sky International Ltd
1C0.SI,Cedar Strategic Holdings Ltd
1C3.SI,
1C4W.SI,
1C5.SI,
1D0.SI,
1D1.SI,
1D3.SI,
1D4.SI,
1D5.SI,
1D8.SI,
1E0W.SI,
1E3.SI,
1E6.SI,
1E7W.SI,
1F0.SI,
1F1.SI,
1F2.SI,
1F3.SI,
1F9W.SI,
1G1.SI,
1G5W.SI,
1G6.SI,
1G7W.SI,
1H2.SI,
1H3.SI,
1H4.SI,
1H7W.SI,
1H8.SI,
1I5.SI,
1J0.SI,
1J1W.SI,
1J3.SI,
1J4.SI,
1J5.SI,
1J7.SI,
1S4W.SI,
1U2W.SI,
3UJS.SI,
40B.SI,
40D.SI,
40E.SI,
40F.SI,
40N.SI,
40R.SI,
40S.SI,
40T.SI,
40U.SI,
40V.SI,
40W.SI,
41A.SI,
41B.SI,
41F.SI,
41H.SI,
41O.SI,
41S.SI,
41T.SI,
42C.SI,
42D.SI,
42E.SI,
42F.SI,
42G.SI,
42L.SI,
42N.SI,
42QW.SI,
42R.SI,
42S.SI,
42T.SI,
42U.SI,
42W.SI,
42Z.SI,
43A.SI,
43B.SI,
43E.SI,
43F.SI,
43MW.SI,
43P.SI,
43Q.SI,
47RW.SI,
500.SI,
502.SI,
504.SI,
505.SI,
508.SI,
510.SI,
528.SI,
532.SI,
533.SI,
539.SI,
540.SI,
541.SI,
543.SI,
544.SI,
546.SI,
554.SI,
557.SI,
558.SI,
561.SI,
564.SI,
566.SI,
567.SI,
569.SI,
56OW.SI,
570.SI,
571.SI,
573.SI,
575.SI,
578.SI,
579.SI,
580.SI,
581.SI,
583.SI,
584.SI,
585.SI,
586.SI,
594.SI,
595.SI,
596.SI,
5A1B.SI,
5AB.SI,
5AE.SI,
5AI.SI,
5AL.SI,
5AM.SI,
5AU.SI,
5BI.SI,
5BS.SI,
5CF.SI,
5CN.SI,
5CP.SI,
5CQ.SI,
5CR.SI,
5CT.SI,
5DD.SI,
5DL.SI,
5DM.SI,
5DN.SI,
5DO.SI,
5DP.SI,
5DS.SI,
5DX.SI,
5EB.SI,
5EC.SI,
5EF.SI,
5EG.SI,
5EK.SI,
5EL.SI,
5EN.SI,
5EV.SI,
5EW.SI,
5F4.SI,
5F7.SI,
5FH.SI,
5FL.SI,
5FW.SI,
5FX.SI,
5G1.SI,
5G2.SI,
5G3.SI,
5G4.SI,
5G9.SI,
5GD.SI,
5GF.SI,
5GI.SI,
5GJ.SI,
5GZ.SI,
5H0.SI,
5HC.SI,
5HG.SI,
5HH.SI,
5HT.SI,
5HV.SI,
5I0.SI,
5I1.SI,
5I4.SI,
5IC.SI,
5IE.SI,
5IF.SI,
5IG.SI,
5JK.SI,
5JS.SI,
5K5W.SI,
5KI.SI,
5LE.SI,
5LY.SI,
5MD.SI,
5ME.SI,
5ML.SI,
5MM.SI,
5MQ.SI,
5MS.SI,
5MZ.SI,
5NF.SI,
5NG.SI,
5NK.SI,
5NV.SI,
